{
  "12": [-82.849126, 27.8632],
  "04": [-111.66463907125059, 34.29321115005882],
  "02": [-143.253119, 70.152262],
  "38": [-100.46931085379929, 47.446302722508726]
}

